idrt,ir01,ir02,ir03,ir04,ir04lain,ir05,ir06,ir07,ir08,ir08a,ir08b,ir08c,ir09,ir10,ir11,klk1,klk2,klk3,klk4,klk5,klk6,klk7,klk8,klk9,klk10,klk11,klk12,klk13,klk14,klk15,klk16,lkf1,lkf2,lkm1,lkm2,lkm3,pkl1,pkl2,pkl3,pkl4,pss1,pss2,pst1,pst2,pst3,pst4,kmt1,kmt2,kmt3,kbt1,kbt2,kbt3,tanggal
IDl8wj6e89l1mmd84rjbYb6ms,joko,89,1,12,,3,sleman,2,4,,,,mancing,arisan,,1,2,3,4,1,2,3,4,1,2,3,4,1,2,3,4,d,b,1,2,3,1,2,3,4,a,c,1,2,3,4,4,2,1,3,2,4,"2022-10-06 11:04:37"
IDl8wlxprd5khhzau8apx8Yywl,april,89,2,3,,3,magelang,3,6,,,,membaca,"kerja bakti",,4,4,4,4,4,4,4,4,4,4,4,4,4,4,4,4,d,a,1,3,4,1,2,3,4,b,d,3,3,3,3,1,1,1,2,2,2,"2022-10-06 12:19:13"
IDla9ko3k023e9rgasiboE2MTO,"ini coba",23,1,49,"unit lain",2,,1,7,"info lain",,,,,0891231231231,4,4,4,4,4,4,4,4,4,4,4,4,4,4,4,4,b,b,1,1,2,1,2,3,1,a,b,1,2,3,3,4,3,1,2,2,1,"2022-11-09 18:44:06"
IDla9l4969zhqx7dvr97bGbfWU,"coba coba",23,1,49,"fakultas lain",1,,2,6,,,,,,089123123123,3,3,3,2,3,3,3,3,3,3,3,3,3,3,3,3,b,b,1,3,2,2,3,1,3,a,b,3,2,2,3,2,1,3,3,2,3,"2022-11-09 18:56:32"
IDlag7p0mqxe9e4tlz1geFbiau,cobaa,99,1,1,,1,,1,6,,,,,,089123123123,1,1,1,1,1,1,1,1,1,1,1,1,1,1,1,1,b,b,1,1,1,2,2,2,2,a,b,2,3,3,1,2,3,3,3,1,4,"2022-11-14 10:15:03"
